address,dns_name,description
192.168.1.1/24,nemor001l001v,PostgreSQL Database 1
192.168.1.2/24,nemor001l002v,Tomcat Server 1
192.168.1.3/24,nemor001l003v,Tomcat Server 2
192.168.1.4/24,nemor001l004v,Mesos Server 1
192.168.1.5/24,nemor001l005v,Build Server 1
192.168.1.6/24,nemor001l006v,Repository 1
192.168.1.7/24,nemor001l007v,Repository 2
192.168.1.8/24,nemor001l008v,Proxy 1
192.168.1.9/24,nemor001l009v,Web Server 1
192.168.1.10/24,nemor001l010v,App Server 1
192.168.1.11/24,nemor001l011v,Oracle Database 1
192.168.1.12/24,nemor001l012v,Elasticsearch 1
192.168.1.13/24,nemor001l013v,Mesos Server 2
192.168.1.14/24,nemor001l014v,Elasticsearch 2
192.168.1.15/24,nemor001l015v,PostgreSQL Database 2
192.168.1.16/24,nemor001l016v,Tomcat Server 3
192.168.1.17/24,nemor001l017v,Web Server 2
192.168.1.18/24,nemor001l018v,Tomcat Server 4
192.168.1.19/24,nemor001l019v,Tomcat Server 5
192.168.1.20/24,nemor001l020v,Proxy 2
192.168.1.21/24,nemor001l021v,PostgreSQL Database 3
192.168.1.22/24,nemor001l022v,Tomcat Server 6
192.168.1.23/24,nemor001l023v,Repository 3
192.168.1.24/24,nemor001l024v,Elasticsearch 3
192.168.1.25/24,nemor001l025v,App Server 2
192.168.1.26/24,nemor001l026v,PostgreSQL Database 4
192.168.1.27/24,nemor001l027v,Mesos Server 3
192.168.1.28/24,nemor001l028v,App Server 3
192.168.1.29/24,nemor001l029v,Build Server 2
192.168.1.30/24,nemor001l030v,Web Server 3
192.168.1.31/24,nemor001l031v,Mesos Server 4
192.168.1.32/24,nemor001l032v,PostgreSQL Database 5
192.168.1.33/24,nemor001l033v,Mesos Server 5
192.168.1.34/24,nemor001l034v,Mesos Server 6
192.168.1.35/24,nemor001l035v,Mesos Server 7
192.168.1.36/24,nemor001l036v,PostgreSQL Database 6
192.168.1.37/24,nemor001l037v,PostgreSQL Database 7
192.168.1.38/24,nemor001l038v,PostgreSQL Database 8
192.168.1.39/24,nemor001l039v,Elasticsearch 4
192.168.1.40/24,nemor001l040v,Mesos Server 8
192.168.1.41/24,nemor001l041v,Mesos Server 9
192.168.1.42/24,nemor001l042v,Mesos Server 10
192.168.1.43/24,nemor001l043v,Oracle Database 2
192.168.1.44/24,nemor001l044v,Proxy 3
192.168.1.45/24,nemor001l045v,Elasticsearch 5
192.168.1.46/24,nemor001l046v,Build Server 3
192.168.1.47/24,nemor001l047v,App Server 4
192.168.1.48/24,nemor001l048v,Mesos Server 11
192.168.1.49/24,nemor001l049v,Web Server 4
192.168.1.50/24,nemor001l050v,Proxy 4
192.168.1.51/24,nemor001l051v,Build Server 4
192.168.1.52/24,nemor001l052v,Web Server 5
192.168.1.53/24,nemor001l053v,Oracle Database 3
192.168.1.54/24,nemor001l054v,Web Server 6
192.168.1.55/24,nemor001l055v,Oracle Database 4
192.168.1.56/24,nemor001l056v,Proxy 5
192.168.1.57/24,nemor001l057v,Elasticsearch 6
192.168.1.58/24,nemor001l058v,Mesos Server 12
192.168.1.59/24,nemor001l059v,PostgreSQL Database 9
192.168.1.60/24,nemor001l060v,Proxy 6
192.168.1.61/24,nemor001l061v,Elasticsearch 7
192.168.1.62/24,nemor001l062v,Proxy 7
192.168.1.63/24,nemor001l063v,Build Server 5
192.168.1.64/24,nemor001l064v,Repository 4
192.168.1.65/24,nemor001l065v,Repository 5
192.168.1.66/24,nemor001l066v,Repository 6
192.168.1.67/24,nemor001l067v,Tomcat Server 7
192.168.1.68/24,nemor001l068v,PostgreSQL Database 10
192.168.1.69/24,nemor001l069v,Web Server 7
192.168.1.70/24,nemor001l070v,Build Server 6
192.168.1.71/24,nemor001l071v,Elasticsearch 8
192.168.1.72/24,nemor001l072v,Elasticsearch 9
192.168.1.73/24,nemor001l073v,App Server 5
192.168.1.74/24,nemor001l074v,PostgreSQL Database 11
192.168.1.75/24,nemor001l075v,Build Server 7
192.168.1.76/24,nemor001l076v,Build Server 8
192.168.1.77/24,nemor001l077v,App Server 6
192.168.1.78/24,nemor001l078v,PostgreSQL Database 12
192.168.1.79/24,nemor001l079v,Build Server 9
192.168.1.80/24,nemor001l080v,PostgreSQL Database 13
192.168.1.81/24,nemor001l081v,Tomcat Server 8
192.168.1.82/24,nemor001l082v,App Server 7
192.168.1.83/24,nemor001l083v,Web Server 8
192.168.1.84/24,nemor001l084v,App Server 8
192.168.1.85/24,nemor001l085v,App Server 9
192.168.1.86/24,nemor001l086v,Repository 7
192.168.1.87/24,nemor001l087v,App Server 10
192.168.1.88/24,nemor001l088v,Oracle Database 5
192.168.1.89/24,nemor001l089v,Tomcat Server 9
192.168.1.90/24,nemor001l090v,Web Server 9
192.168.1.91/24,nemor001l091v,App Server 11
192.168.1.92/24,nemor001l092v,PostgreSQL Database 14
192.168.1.93/24,nemor001l093v,Web Server 10
192.168.1.94/24,nemor001l094v,Build Server 10
192.168.1.95/24,nemor001l095v,Repository 8
192.168.1.96/24,nemor001l096v,App Server 12
192.168.1.97/24,nemor001l097v,Proxy 8
192.168.1.98/24,nemor001l098v,PostgreSQL Database 15
192.168.1.99/24,nemor001l099v,Mesos Server 13
192.168.1.100/24,nemor001l100v,App Server 13
192.168.1.101/24,nemor001l101v,Elasticsearch 10
192.168.1.102/24,nemor001l102v,Repository 9
192.168.1.103/24,nemor001l103v,PostgreSQL Database 16
192.168.1.104/24,nemor001l104v,Oracle Database 6
192.168.1.105/24,nemor001l105v,Web Server 11
192.168.1.106/24,nemor001l106v,PostgreSQL Database 17
192.168.1.107/24,nemor001l107v,Elasticsearch 11
192.168.1.108/24,nemor001l108v,Oracle Database 7
192.168.1.109/24,nemor001l109v,Elasticsearch 12
192.168.1.110/24,nemor001l110v,Build Server 11
192.168.1.111/24,nemor001l111v,Tomcat Server 10
192.168.1.112/24,nemor001l112v,Oracle Database 8
192.168.1.113/24,nemor001l113v,Build Server 12
192.168.1.114/24,nemor001l114v,Elasticsearch 13
192.168.1.115/24,nemor001l115v,App Server 14
192.168.1.116/24,nemor001l116v,App Server 15
192.168.1.117/24,nemor001l117v,Mesos Server 14
192.168.1.118/24,nemor001l118v,Mesos Server 15
192.168.1.119/24,nemor001l119v,App Server 16
192.168.1.120/24,nemor001l120v,Elasticsearch 14
192.168.1.121/24,nemor001l121v,Oracle Database 9
192.168.1.122/24,nemor001l122v,Mesos Server 16
192.168.1.123/24,nemor001l123v,PostgreSQL Database 18
192.168.1.124/24,nemor001l124v,Web Server 12
192.168.1.125/24,nemor001l125v,Tomcat Server 11
192.168.1.126/24,nemor001l126v,App Server 17
192.168.1.127/24,nemor001l127v,App Server 18
192.168.1.128/24,nemor001l128v,Tomcat Server 12
192.168.1.129/24,nemor001l129v,Oracle Database 10
192.168.1.130/24,nemor001l130v,Build Server 13
192.168.1.131/24,nemor001l131v,Oracle Database 11
192.168.1.132/24,nemor001l132v,Repository 10
192.168.1.133/24,nemor001l133v,Oracle Database 12
192.168.1.134/24,nemor001l134v,App Server 19
192.168.1.135/24,nemor001l135v,Build Server 14
192.168.1.136/24,nemor001l136v,Web Server 13
192.168.1.137/24,nemor001l137v,App Server 20
192.168.1.138/24,nemor001l138v,Mesos Server 17
192.168.1.139/24,nemor001l139v,App Server 21
192.168.1.140/24,nemor001l140v,App Server 22
192.168.1.141/24,nemor001l141v,Tomcat Server 13
192.168.1.142/24,nemor001l142v,Web Server 14
192.168.1.143/24,nemor001l143v,Mesos Server 18
192.168.1.144/24,nemor001l144v,Web Server 15
192.168.1.145/24,nemor001l145v,Web Server 16
192.168.1.146/24,nemor001l146v,Build Server 15
192.168.1.147/24,nemor001l147v,Oracle Database 13
192.168.1.148/24,nemor001l148v,Elasticsearch 15
192.168.1.149/24,nemor001l149v,PostgreSQL Database 19
192.168.1.150/24,nemor001l150v,Proxy 9
192.168.1.151/24,nemor001l151v,Oracle Database 14
192.168.1.152/24,nemor001l152v,Build Server 16
192.168.1.153/24,nemor001l153v,Oracle Database 15
192.168.1.154/24,nemor001l154v,Web Server 17
192.168.1.155/24,nemor001l155v,Mesos Server 19
192.168.1.156/24,nemor001l156v,Repository 11
192.168.1.157/24,nemor001l157v,PostgreSQL Database 20
192.168.1.158/24,nemor001l158v,Elasticsearch 16
192.168.1.159/24,nemor001l159v,App Server 23
192.168.1.160/24,nemor001l160v,Proxy 10
192.168.1.161/24,nemor001l161v,Web Server 18
192.168.1.162/24,nemor001l162v,Web Server 19
192.168.1.163/24,nemor001l163v,Oracle Database 16
192.168.1.164/24,nemor001l164v,Build Server 17
192.168.1.165/24,nemor001l165v,Web Server 20
192.168.1.166/24,nemor001l166v,Oracle Database 17
192.168.1.167/24,nemor001l167v,Repository 12
192.168.1.168/24,nemor001l168v,App Server 24
192.168.1.169/24,nemor001l169v,Elasticsearch 17
192.168.1.170/24,nemor001l170v,PostgreSQL Database 21
192.168.1.171/24,nemor001l171v,Oracle Database 18
192.168.1.172/24,nemor001l172v,PostgreSQL Database 22
192.168.1.173/24,nemor001l173v,Repository 13
192.168.1.174/24,nemor001l174v,Proxy 11
192.168.1.175/24,nemor001l175v,App Server 25
192.168.1.176/24,nemor001l176v,Tomcat Server 14
192.168.1.177/24,nemor001l177v,PostgreSQL Database 23
192.168.1.178/24,nemor001l178v,Build Server 18
192.168.1.179/24,nemor001l179v,Build Server 19
192.168.1.180/24,nemor001l180v,App Server 26
192.168.1.181/24,nemor001l181v,Repository 14
192.168.1.182/24,nemor001l182v,Repository 15
192.168.1.183/24,nemor001l183v,Repository 16
192.168.1.184/24,nemor001l184v,Tomcat Server 15
192.168.1.185/24,nemor001l185v,Build Server 20
192.168.1.186/24,nemor001l186v,Mesos Server 20
192.168.1.187/24,nemor001l187v,PostgreSQL Database 24
192.168.1.188/24,nemor001l188v,Tomcat Server 16
192.168.1.189/24,nemor001l189v,Proxy 12
192.168.1.190/24,nemor001l190v,Oracle Database 19
192.168.1.191/24,nemor001l191v,Mesos Server 21
192.168.1.192/24,nemor001l192v,Repository 17
192.168.1.193/24,nemor001l193v,Web Server 21
192.168.1.194/24,nemor001l194v,Proxy 13
192.168.1.195/24,nemor001l195v,Build Server 21
192.168.1.196/24,nemor001l196v,Oracle Database 20
192.168.1.197/24,nemor001l197v,Build Server 22
192.168.1.198/24,nemor001l198v,Mesos Server 22
192.168.1.199/24,nemor001l199v,Web Server 22
192.168.1.200/24,nemor001l200v,Web Server 23
192.168.1.201/24,nemor001l201v,App Server 27
192.168.1.202/24,nemor001l202v,Mesos Server 23
192.168.1.203/24,nemor001l203v,PostgreSQL Database 25
192.168.1.204/24,nemor001l204v,Oracle Database 21
192.168.1.205/24,nemor001l205v,Mesos Server 24
192.168.1.206/24,nemor001l206v,Repository 18
192.168.1.207/24,nemor001l207v,App Server 28
192.168.1.208/24,nemor001l208v,Tomcat Server 17
192.168.1.209/24,nemor001l209v,PostgreSQL Database 26
192.168.1.210/24,nemor001l210v,App Server 29
192.168.1.211/24,nemor001l211v,Repository 19
192.168.1.212/24,nemor001l212v,Mesos Server 25
192.168.1.213/24,nemor001l213v,App Server 30
192.168.1.214/24,nemor001l214v,Web Server 24
192.168.1.215/24,nemor001l215v,PostgreSQL Database 27
192.168.1.216/24,nemor001l216v,Web Server 25
192.168.1.217/24,nemor001l217v,Repository 20
192.168.1.218/24,nemor001l218v,Oracle Database 22
192.168.1.219/24,nemor001l219v,Proxy 14
192.168.1.220/24,nemor001l220v,Web Server 26
192.168.1.221/24,nemor001l221v,Repository 21
192.168.1.222/24,nemor001l222v,App Server 31
192.168.1.223/24,nemor001l223v,Elasticsearch 18
192.168.1.224/24,nemor001l224v,Repository 22
192.168.1.225/24,nemor001l225v,Repository 23
192.168.1.226/24,nemor001l226v,Web Server 27
192.168.1.227/24,nemor001l227v,Repository 24
192.168.1.228/24,nemor001l228v,PostgreSQL Database 28
192.168.1.229/24,nemor001l229v,Elasticsearch 19
192.168.1.230/24,nemor001l230v,PostgreSQL Database 29
192.168.1.231/24,nemor001l231v,Web Server 28
192.168.1.232/24,nemor001l232v,Proxy 15
192.168.1.233/24,nemor001l233v,PostgreSQL Database 30
192.168.1.234/24,nemor001l234v,Mesos Server 26
192.168.1.235/24,nemor001l235v,App Server 32
192.168.1.236/24,nemor001l236v,Oracle Database 23
192.168.1.237/24,nemor001l237v,Oracle Database 24
192.168.1.238/24,nemor001l238v,Proxy 16
192.168.1.239/24,nemor001l239v,Web Server 29
192.168.1.240/24,nemor001l240v,PostgreSQL Database 31
192.168.1.241/24,nemor001l241v,Tomcat Server 18
192.168.1.242/24,nemor001l242v,Oracle Database 25
192.168.1.243/24,nemor001l243v,Mesos Server 27
192.168.1.244/24,nemor001l244v,Web Server 30
192.168.1.245/24,nemor001l245v,Oracle Database 26
192.168.1.246/24,nemor001l246v,Repository 25
192.168.1.247/24,nemor001l247v,Tomcat Server 19
192.168.1.248/24,nemor001l248v,App Server 33
192.168.1.249/24,nemor001l249v,Oracle Database 27
192.168.1.250/24,nemor001l250v,Web Server 31
192.168.1.251/24,nemor001l251v,Elasticsearch 20
192.168.1.252/24,nemor001l252v,Proxy 17
192.168.1.253/24,nemor001l253v,App Server 34
192.168.1.254/24,nemor001l254v,Elasticsearch 21
192.168.4.1/24,neriv004l001v,Web Server 32
192.168.4.2/24,neriv004l002v,Build Server 23
192.168.4.3/24,neriv004l003v,Tomcat Server 20
192.168.4.4/24,neriv004l004v,Proxy 18
192.168.4.5/24,neriv004l005v,PostgreSQL Database 32
192.168.4.6/24,neriv004l006v,Build Server 24
192.168.4.7/24,neriv004l007v,Build Server 25
192.168.4.8/24,neriv004l008v,Web Server 33
192.168.4.9/24,neriv004l009v,Web Server 34
192.168.4.10/24,neriv004l010v,PostgreSQL Database 33
192.168.4.11/24,neriv004l011v,Proxy 19
192.168.4.12/24,neriv004l012v,Mesos Server 28
192.168.4.13/24,neriv004l013v,Mesos Server 29
192.168.4.14/24,neriv004l014v,Web Server 35
192.168.4.15/24,neriv004l015v,Tomcat Server 21
192.168.4.16/24,neriv004l016v,PostgreSQL Database 34
192.168.4.17/24,neriv004l017v,Build Server 26
192.168.4.18/24,neriv004l018v,Proxy 20
192.168.4.19/24,neriv004l019v,Tomcat Server 22
192.168.4.20/24,neriv004l020v,Repository 26
192.168.4.21/24,neriv004l021v,Elasticsearch 22
192.168.4.22/24,neriv004l022v,Build Server 27
192.168.4.23/24,neriv004l023v,App Server 35
192.168.4.24/24,neriv004l024v,Build Server 28
192.168.4.25/24,neriv004l025v,Repository 27
192.168.4.26/24,neriv004l026v,PostgreSQL Database 35
192.168.4.27/24,neriv004l027v,Oracle Database 28
192.168.4.28/24,neriv004l028v,Elasticsearch 23
192.168.4.29/24,neriv004l029v,Repository 28
192.168.4.30/24,neriv004l030v,Elasticsearch 24
192.168.4.31/24,neriv004l031v,Web Server 36
192.168.4.32/24,neriv004l032v,Tomcat Server 23
192.168.4.33/24,neriv004l033v,Oracle Database 29
192.168.4.34/24,neriv004l034v,Proxy 21
192.168.4.35/24,neriv004l035v,Proxy 22
192.168.4.36/24,neriv004l036v,PostgreSQL Database 36
192.168.4.37/24,neriv004l037v,App Server 36
192.168.4.38/24,neriv004l038v,Elasticsearch 25
192.168.4.39/24,neriv004l039v,Web Server 37
192.168.4.40/24,neriv004l040v,Web Server 38
192.168.4.41/24,neriv004l041v,Elasticsearch 26
192.168.4.42/24,neriv004l042v,Oracle Database 30
192.168.4.43/24,neriv004l043v,Oracle Database 31
192.168.4.44/24,neriv004l044v,Oracle Database 32
192.168.4.45/24,neriv004l045v,App Server 37
192.168.4.46/24,neriv004l046v,Oracle Database 33
192.168.4.47/24,neriv004l047v,Proxy 23
192.168.4.48/24,neriv004l048v,Oracle Database 34
192.168.4.49/24,neriv004l049v,Elasticsearch 27
192.168.4.50/24,neriv004l050v,Proxy 24
192.168.4.51/24,neriv004l051v,Repository 29
192.168.4.52/24,neriv004l052v,PostgreSQL Database 37
192.168.4.53/24,neriv004l053v,Proxy 25
192.168.4.54/24,neriv004l054v,Mesos Server 30
192.168.4.55/24,neriv004l055v,Elasticsearch 28
192.168.4.56/24,neriv004l056v,Repository 30
192.168.4.57/24,neriv004l057v,Web Server 39
192.168.4.58/24,neriv004l058v,Tomcat Server 24
192.168.4.59/24,neriv004l059v,Oracle Database 35
192.168.4.60/24,neriv004l060v,PostgreSQL Database 38
192.168.4.61/24,neriv004l061v,Oracle Database 36
192.168.4.62/24,neriv004l062v,PostgreSQL Database 39
192.168.4.63/24,neriv004l063v,Build Server 29
192.168.4.64/24,neriv004l064v,Proxy 26
192.168.4.65/24,neriv004l065v,Mesos Server 31
192.168.4.66/24,neriv004l066v,App Server 38
192.168.4.67/24,neriv004l067v,Tomcat Server 25
192.168.4.68/24,neriv004l068v,Oracle Database 37
192.168.4.69/24,neriv004l069v,Proxy 27
192.168.4.70/24,neriv004l070v,Oracle Database 38
192.168.4.71/24,neriv004l071v,Proxy 28
192.168.4.72/24,neriv004l072v,Mesos Server 32
192.168.4.73/24,neriv004l073v,Build Server 30
192.168.4.74/24,neriv004l074v,Repository 31
192.168.4.75/24,neriv004l075v,Proxy 29
192.168.4.76/24,neriv004l076v,Build Server 31
192.168.4.77/24,neriv004l077v,Repository 32
192.168.4.78/24,neriv004l078v,Web Server 40
192.168.4.79/24,neriv004l079v,Build Server 32
192.168.4.80/24,neriv004l080v,Oracle Database 39
192.168.4.81/24,neriv004l081v,Build Server 33
192.168.4.82/24,neriv004l082v,Mesos Server 33
192.168.4.83/24,neriv004l083v,Tomcat Server 26
192.168.4.84/24,neriv004l084v,PostgreSQL Database 40
192.168.4.85/24,neriv004l085v,PostgreSQL Database 41
192.168.4.86/24,neriv004l086v,Web Server 41
192.168.4.87/24,neriv004l087v,Repository 33
192.168.4.88/24,neriv004l088v,App Server 39
192.168.4.89/24,neriv004l089v,Repository 34
192.168.4.90/24,neriv004l090v,Oracle Database 40
192.168.4.91/24,neriv004l091v,Mesos Server 34
192.168.4.92/24,neriv004l092v,Repository 35
192.168.4.93/24,neriv004l093v,App Server 40
192.168.4.94/24,neriv004l094v,Web Server 42
192.168.4.95/24,neriv004l095v,Web Server 43
192.168.4.96/24,neriv004l096v,App Server 41
192.168.4.97/24,neriv004l097v,PostgreSQL Database 42
192.168.4.98/24,neriv004l098v,Tomcat Server 27
192.168.4.99/24,neriv004l099v,Mesos Server 35
192.168.4.100/24,neriv004l100v,Build Server 34
192.168.4.101/24,neriv004l101v,Repository 36
192.168.4.102/24,neriv004l102v,Mesos Server 36
192.168.4.103/24,neriv004l103v,Oracle Database 41
192.168.4.104/24,neriv004l104v,Build Server 35
192.168.4.105/24,neriv004l105v,PostgreSQL Database 43
192.168.4.106/24,neriv004l106v,Build Server 36
192.168.4.107/24,neriv004l107v,Elasticsearch 29
192.168.4.108/24,neriv004l108v,Elasticsearch 30
192.168.4.109/24,neriv004l109v,Proxy 30
192.168.4.110/24,neriv004l110v,Build Server 37
192.168.4.111/24,neriv004l111v,Repository 37
192.168.4.112/24,neriv004l112v,PostgreSQL Database 44
192.168.4.113/24,neriv004l113v,Repository 38
192.168.4.114/24,neriv004l114v,Mesos Server 37
192.168.4.115/24,neriv004l115v,App Server 42
192.168.4.116/24,neriv004l116v,Oracle Database 42
192.168.4.117/24,neriv004l117v,Proxy 31
192.168.4.118/24,neriv004l118v,Mesos Server 38
192.168.4.119/24,neriv004l119v,Proxy 32
192.168.4.120/24,neriv004l120v,Web Server 44
192.168.4.121/24,neriv004l121v,Mesos Server 39
192.168.4.122/24,neriv004l122v,Build Server 38
192.168.4.123/24,neriv004l123v,Tomcat Server 28
192.168.4.124/24,neriv004l124v,Proxy 33
192.168.4.125/24,neriv004l125v,App Server 43
192.168.4.126/24,neriv004l126v,Build Server 39
192.168.4.127/24,neriv004l127v,Oracle Database 43
192.168.4.128/24,neriv004l128v,Mesos Server 40
192.168.4.129/24,neriv004l129v,Tomcat Server 29
192.168.4.130/24,neriv004l130v,PostgreSQL Database 45
192.168.4.131/24,neriv004l131v,PostgreSQL Database 46
192.168.4.132/24,neriv004l132v,Mesos Server 41
192.168.4.133/24,neriv004l133v,Proxy 34
192.168.4.134/24,neriv004l134v,App Server 44
192.168.4.135/24,neriv004l135v,Mesos Server 42
192.168.4.136/24,neriv004l136v,Repository 39
192.168.4.137/24,neriv004l137v,Mesos Server 43
192.168.4.138/24,neriv004l138v,PostgreSQL Database 47
192.168.4.139/24,neriv004l139v,Mesos Server 44
192.168.4.140/24,neriv004l140v,Mesos Server 45
192.168.4.141/24,neriv004l141v,Web Server 45
192.168.4.142/24,neriv004l142v,Web Server 46
192.168.4.143/24,neriv004l143v,Elasticsearch 31
192.168.4.144/24,neriv004l144v,Web Server 47
192.168.4.145/24,neriv004l145v,Web Server 48
192.168.4.146/24,neriv004l146v,Repository 40
192.168.4.147/24,neriv004l147v,Web Server 49
192.168.4.148/24,neriv004l148v,Tomcat Server 30
192.168.4.149/24,neriv004l149v,Repository 41
192.168.4.150/24,neriv004l150v,Web Server 50
192.168.4.151/24,neriv004l151v,Mesos Server 46
192.168.4.152/24,neriv004l152v,Web Server 51
192.168.4.153/24,neriv004l153v,Tomcat Server 31
192.168.4.154/24,neriv004l154v,PostgreSQL Database 48
192.168.4.155/24,neriv004l155v,Mesos Server 47
192.168.4.156/24,neriv004l156v,PostgreSQL Database 49
192.168.4.157/24,neriv004l157v,Elasticsearch 32
192.168.4.158/24,neriv004l158v,PostgreSQL Database 50
192.168.4.159/24,neriv004l159v,Elasticsearch 33
192.168.4.160/24,neriv004l160v,Proxy 35
192.168.4.161/24,neriv004l161v,Elasticsearch 34
192.168.4.162/24,neriv004l162v,Repository 42
192.168.4.163/24,neriv004l163v,Tomcat Server 32
192.168.4.164/24,neriv004l164v,Mesos Server 48
192.168.4.165/24,neriv004l165v,Proxy 36
192.168.4.166/24,neriv004l166v,Web Server 52
192.168.4.167/24,neriv004l167v,Mesos Server 49
192.168.4.168/24,neriv004l168v,Mesos Server 50
192.168.4.169/24,neriv004l169v,Build Server 40
192.168.4.170/24,neriv004l170v,Tomcat Server 33
192.168.4.171/24,neriv004l171v,Mesos Server 51
192.168.4.172/24,neriv004l172v,Repository 43
192.168.4.173/24,neriv004l173v,Build Server 41
192.168.4.174/24,neriv004l174v,Build Server 42
192.168.4.175/24,neriv004l175v,Repository 44
192.168.4.176/24,neriv004l176v,Proxy 37
192.168.4.177/24,neriv004l177v,Tomcat Server 34
192.168.4.178/24,neriv004l178v,App Server 45
192.168.4.179/24,neriv004l179v,Repository 45
192.168.4.180/24,neriv004l180v,Repository 46
192.168.4.181/24,neriv004l181v,Elasticsearch 35
192.168.4.182/24,neriv004l182v,PostgreSQL Database 51
192.168.4.183/24,neriv004l183v,Build Server 43
192.168.4.184/24,neriv004l184v,Elasticsearch 36
192.168.4.185/24,neriv004l185v,Build Server 44
192.168.4.186/24,neriv004l186v,Oracle Database 44
192.168.4.187/24,neriv004l187v,Proxy 38
192.168.4.188/24,neriv004l188v,Tomcat Server 35
192.168.4.189/24,neriv004l189v,Tomcat Server 36
192.168.4.190/24,neriv004l190v,Build Server 45
192.168.4.191/24,neriv004l191v,Oracle Database 45
192.168.4.192/24,neriv004l192v,Proxy 39
192.168.4.193/24,neriv004l193v,Oracle Database 46
192.168.4.194/24,neriv004l194v,Proxy 40
192.168.4.195/24,neriv004l195v,Proxy 41
192.168.4.196/24,neriv004l196v,Proxy 42
192.168.4.197/24,neriv004l197v,Web Server 53
192.168.4.198/24,neriv004l198v,Web Server 54
192.168.4.199/24,neriv004l199v,Build Server 46
192.168.4.200/24,neriv004l200v,Tomcat Server 37
192.168.4.201/24,neriv004l201v,Repository 47
192.168.4.202/24,neriv004l202v,PostgreSQL Database 52
192.168.4.203/24,neriv004l203v,Repository 48
192.168.4.204/24,neriv004l204v,Build Server 47
192.168.4.205/24,neriv004l205v,Repository 49
192.168.4.206/24,neriv004l206v,Web Server 55
192.168.4.207/24,neriv004l207v,Repository 50
192.168.4.208/24,neriv004l208v,Repository 51
192.168.4.209/24,neriv004l209v,Elasticsearch 37
192.168.4.210/24,neriv004l210v,Elasticsearch 38
192.168.4.211/24,neriv004l211v,App Server 46
192.168.4.212/24,neriv004l212v,Elasticsearch 39
192.168.4.213/24,neriv004l213v,Web Server 56
192.168.4.214/24,neriv004l214v,Oracle Database 47
192.168.4.215/24,neriv004l215v,Oracle Database 48
192.168.4.216/24,neriv004l216v,Mesos Server 52
192.168.4.217/24,neriv004l217v,Repository 52
192.168.4.218/24,neriv004l218v,Tomcat Server 38
192.168.4.219/24,neriv004l219v,PostgreSQL Database 53
192.168.4.220/24,neriv004l220v,Web Server 57
192.168.4.221/24,neriv004l221v,Repository 53
192.168.4.222/24,neriv004l222v,Mesos Server 53
192.168.4.223/24,neriv004l223v,Web Server 58
192.168.4.224/24,neriv004l224v,Proxy 43
192.168.4.225/24,neriv004l225v,Proxy 44
192.168.4.226/24,neriv004l226v,Build Server 48
192.168.4.227/24,neriv004l227v,App Server 47
192.168.4.228/24,neriv004l228v,Build Server 49
192.168.4.229/24,neriv004l229v,App Server 48
192.168.4.230/24,neriv004l230v,Build Server 50
192.168.4.231/24,neriv004l231v,Repository 54
192.168.4.232/24,neriv004l232v,App Server 49
192.168.4.233/24,neriv004l233v,PostgreSQL Database 54
192.168.4.234/24,neriv004l234v,App Server 50
192.168.4.235/24,neriv004l235v,Oracle Database 49
192.168.4.236/24,neriv004l236v,Elasticsearch 40
192.168.4.237/24,neriv004l237v,Elasticsearch 41
192.168.4.238/24,neriv004l238v,Oracle Database 50
192.168.4.239/24,neriv004l239v,Elasticsearch 42
192.168.4.240/24,neriv004l240v,Tomcat Server 39
192.168.4.241/24,neriv004l241v,Elasticsearch 43
192.168.4.242/24,neriv004l242v,App Server 51
192.168.4.243/24,neriv004l243v,Oracle Database 51
192.168.4.244/24,neriv004l244v,Build Server 51
192.168.4.245/24,neriv004l245v,PostgreSQL Database 55
192.168.4.246/24,neriv004l246v,Oracle Database 52
192.168.4.247/24,neriv004l247v,App Server 52
192.168.4.248/24,neriv004l248v,Tomcat Server 40
192.168.4.249/24,neriv004l249v,Mesos Server 54
192.168.4.250/24,neriv004l250v,Oracle Database 53
192.168.4.251/24,neriv004l251v,PostgreSQL Database 56
192.168.4.252/24,neriv004l252v,Mesos Server 55
192.168.4.253/24,neriv004l253v,Oracle Database 54
192.168.4.254/24,neriv004l254v,Proxy 45
192.168.2.1/24,negon002l001v,Repository 55
192.168.2.2/24,negon002l002v,Web Server 59
192.168.2.3/24,negon002l003v,Elasticsearch 44
192.168.2.4/24,negon002l004v,Elasticsearch 45
192.168.2.5/24,negon002l005v,Mesos Server 56
192.168.2.6/24,negon002l006v,PostgreSQL Database 57
192.168.2.7/24,negon002l007v,Web Server 60
192.168.2.8/24,negon002l008v,Proxy 46
192.168.2.9/24,negon002l009v,Web Server 61
192.168.2.10/24,negon002l010v,App Server 53
192.168.2.11/24,negon002l011v,Build Server 52
192.168.2.12/24,negon002l012v,App Server 54
192.168.2.13/24,negon002l013v,Elasticsearch 46
192.168.2.14/24,negon002l014v,Mesos Server 57
192.168.2.15/24,negon002l015v,Tomcat Server 41
192.168.2.16/24,negon002l016v,Tomcat Server 42
192.168.2.17/24,negon002l017v,Proxy 47
192.168.2.18/24,negon002l018v,Repository 56
192.168.2.19/24,negon002l019v,Elasticsearch 47
192.168.2.20/24,negon002l020v,Build Server 53
192.168.2.21/24,negon002l021v,Tomcat Server 43
192.168.2.22/24,negon002l022v,Elasticsearch 48
192.168.2.23/24,negon002l023v,PostgreSQL Database 58
192.168.2.24/24,negon002l024v,Proxy 48
192.168.2.25/24,negon002l025v,Mesos Server 58
192.168.2.26/24,negon002l026v,Build Server 54
192.168.2.27/24,negon002l027v,Elasticsearch 49
192.168.2.28/24,negon002l028v,Mesos Server 59
192.168.2.29/24,negon002l029v,Tomcat Server 44
192.168.2.30/24,negon002l030v,App Server 55
192.168.2.31/24,negon002l031v,Tomcat Server 45
192.168.2.32/24,negon002l032v,Tomcat Server 46
192.168.2.33/24,negon002l033v,Elasticsearch 50
192.168.2.34/24,negon002l034v,PostgreSQL Database 59
192.168.2.35/24,negon002l035v,Oracle Database 55
192.168.2.36/24,negon002l036v,Web Server 62
192.168.2.37/24,negon002l037v,Web Server 63
192.168.2.38/24,negon002l038v,App Server 56
192.168.2.39/24,negon002l039v,Oracle Database 56
192.168.2.40/24,negon002l040v,Elasticsearch 51
192.168.2.41/24,negon002l041v,Mesos Server 60
192.168.2.42/24,negon002l042v,Tomcat Server 47
192.168.2.43/24,negon002l043v,Tomcat Server 48
192.168.2.44/24,negon002l044v,Repository 57
192.168.2.45/24,negon002l045v,Oracle Database 57
192.168.2.46/24,negon002l046v,Repository 58
192.168.2.47/24,negon002l047v,Tomcat Server 49
192.168.2.48/24,negon002l048v,Web Server 64
192.168.2.49/24,negon002l049v,Oracle Database 58
192.168.2.50/24,negon002l050v,App Server 57
192.168.2.51/24,negon002l051v,Repository 59
192.168.2.52/24,negon002l052v,Proxy 49
192.168.2.53/24,negon002l053v,Web Server 65
192.168.2.54/24,negon002l054v,Web Server 66
192.168.2.55/24,negon002l055v,Build Server 55
192.168.2.56/24,negon002l056v,Web Server 67
192.168.2.57/24,negon002l057v,PostgreSQL Database 60
192.168.2.58/24,negon002l058v,Oracle Database 59
192.168.2.59/24,negon002l059v,Mesos Server 61
192.168.2.60/24,negon002l060v,App Server 58
192.168.2.61/24,negon002l061v,Proxy 50
192.168.2.62/24,negon002l062v,Tomcat Server 50
192.168.2.63/24,negon002l063v,Tomcat Server 51
192.168.2.64/24,negon002l064v,Repository 60
192.168.2.65/24,negon002l065v,Web Server 68
192.168.2.66/24,negon002l066v,App Server 59
192.168.2.67/24,negon002l067v,Repository 61
192.168.2.68/24,negon002l068v,Tomcat Server 52
192.168.2.69/24,negon002l069v,Oracle Database 60
192.168.2.70/24,negon002l070v,Proxy 51
192.168.2.71/24,negon002l071v,Mesos Server 62
192.168.2.72/24,negon002l072v,Proxy 52
192.168.2.73/24,negon002l073v,Repository 62
192.168.2.74/24,negon002l074v,Tomcat Server 53
192.168.2.75/24,negon002l075v,Elasticsearch 52
192.168.2.76/24,negon002l076v,Repository 63
192.168.2.77/24,negon002l077v,PostgreSQL Database 61
192.168.2.78/24,negon002l078v,Web Server 69
192.168.2.79/24,negon002l079v,Tomcat Server 54
192.168.2.80/24,negon002l080v,Web Server 70
192.168.2.81/24,negon002l081v,App Server 60
192.168.2.82/24,negon002l082v,Mesos Server 63
192.168.2.83/24,negon002l083v,Repository 64
192.168.2.84/24,negon002l084v,Oracle Database 61
192.168.2.85/24,negon002l085v,Mesos Server 64
192.168.2.86/24,negon002l086v,PostgreSQL Database 62
192.168.2.87/24,negon002l087v,Web Server 71
192.168.2.88/24,negon002l088v,PostgreSQL Database 63
192.168.2.89/24,negon002l089v,Tomcat Server 55
192.168.2.90/24,negon002l090v,Tomcat Server 56
192.168.2.91/24,negon002l091v,PostgreSQL Database 64
192.168.2.92/24,negon002l092v,Repository 65
192.168.2.93/24,negon002l093v,Mesos Server 65
192.168.2.94/24,negon002l094v,Web Server 72
192.168.2.95/24,negon002l095v,Web Server 73
192.168.2.96/24,negon002l096v,Mesos Server 66
192.168.2.97/24,negon002l097v,Build Server 56
192.168.2.98/24,negon002l098v,Mesos Server 67
192.168.2.99/24,negon002l099v,Elasticsearch 53
192.168.2.100/24,negon002l100v,Mesos Server 68
192.168.2.101/24,negon002l101v,App Server 61
192.168.2.102/24,negon002l102v,Repository 66
192.168.2.103/24,negon002l103v,Mesos Server 69
192.168.2.104/24,negon002l104v,Mesos Server 70
192.168.2.105/24,negon002l105v,Elasticsearch 54
192.168.2.106/24,negon002l106v,Mesos Server 71
192.168.2.107/24,negon002l107v,Proxy 53
192.168.2.108/24,negon002l108v,Oracle Database 62
192.168.2.109/24,negon002l109v,Oracle Database 63
192.168.2.110/24,negon002l110v,Build Server 57
192.168.2.111/24,negon002l111v,Tomcat Server 57
192.168.2.112/24,negon002l112v,Oracle Database 64
192.168.2.113/24,negon002l113v,Mesos Server 72
192.168.2.114/24,negon002l114v,Tomcat Server 58
192.168.2.115/24,negon002l115v,Web Server 74
192.168.2.116/24,negon002l116v,Build Server 58
192.168.2.117/24,negon002l117v,Mesos Server 73
192.168.2.118/24,negon002l118v,Elasticsearch 55
192.168.2.119/24,negon002l119v,App Server 62
192.168.2.120/24,negon002l120v,Proxy 54
192.168.2.121/24,negon002l121v,Web Server 75
192.168.2.122/24,negon002l122v,Proxy 55
192.168.2.123/24,negon002l123v,Proxy 56
192.168.2.124/24,negon002l124v,Elasticsearch 56
192.168.2.125/24,negon002l125v,Elasticsearch 57
192.168.2.126/24,negon002l126v,Proxy 57
192.168.2.127/24,negon002l127v,Mesos Server 74
192.168.2.128/24,negon002l128v,Repository 67
192.168.2.129/24,negon002l129v,Mesos Server 75
192.168.2.130/24,negon002l130v,Build Server 59
192.168.2.131/24,negon002l131v,Mesos Server 76
192.168.2.132/24,negon002l132v,Build Server 60
192.168.2.133/24,negon002l133v,PostgreSQL Database 65
192.168.2.134/24,negon002l134v,Elasticsearch 58
192.168.2.135/24,negon002l135v,Repository 68
192.168.2.136/24,negon002l136v,Elasticsearch 59
192.168.2.137/24,negon002l137v,Tomcat Server 59
192.168.2.138/24,negon002l138v,Tomcat Server 60
192.168.2.139/24,negon002l139v,Build Server 61
192.168.2.140/24,negon002l140v,Proxy 58
192.168.2.141/24,negon002l141v,Mesos Server 77
192.168.2.142/24,negon002l142v,Tomcat Server 61
192.168.2.143/24,negon002l143v,Web Server 76
192.168.2.144/24,negon002l144v,Mesos Server 78
192.168.2.145/24,negon002l145v,PostgreSQL Database 66
192.168.2.146/24,negon002l146v,Web Server 77
192.168.2.147/24,negon002l147v,Elasticsearch 60
192.168.2.148/24,negon002l148v,Oracle Database 65
192.168.2.149/24,negon002l149v,PostgreSQL Database 67
192.168.2.150/24,negon002l150v,App Server 63
192.168.2.151/24,negon002l151v,Elasticsearch 61
192.168.2.152/24,negon002l152v,Oracle Database 66
192.168.2.153/24,negon002l153v,PostgreSQL Database 68
192.168.2.154/24,negon002l154v,Repository 69
192.168.2.155/24,negon002l155v,Mesos Server 79
192.168.2.156/24,negon002l156v,Repository 70
192.168.2.157/24,negon002l157v,Elasticsearch 62
192.168.2.158/24,negon002l158v,Build Server 62
192.168.2.159/24,negon002l159v,Tomcat Server 62
192.168.2.160/24,negon002l160v,Mesos Server 80
192.168.2.161/24,negon002l161v,Oracle Database 67
192.168.2.162/24,negon002l162v,Oracle Database 68
192.168.2.163/24,negon002l163v,PostgreSQL Database 69
192.168.2.164/24,negon002l164v,Proxy 59
192.168.2.165/24,negon002l165v,Build Server 63
192.168.2.166/24,negon002l166v,PostgreSQL Database 70
192.168.2.167/24,negon002l167v,Mesos Server 81
192.168.2.168/24,negon002l168v,Web Server 78
192.168.2.169/24,negon002l169v,Proxy 60
192.168.2.170/24,negon002l170v,Proxy 61
192.168.2.171/24,negon002l171v,Web Server 79
192.168.2.172/24,negon002l172v,Proxy 62
192.168.2.173/24,negon002l173v,PostgreSQL Database 71
192.168.2.174/24,negon002l174v,App Server 64
192.168.2.175/24,negon002l175v,Proxy 63
192.168.2.176/24,negon002l176v,Oracle Database 69
192.168.2.177/24,negon002l177v,Build Server 64
192.168.2.178/24,negon002l178v,Repository 71
192.168.2.179/24,negon002l179v,Repository 72
192.168.2.180/24,negon002l180v,PostgreSQL Database 72
192.168.2.181/24,negon002l181v,Build Server 65
192.168.2.182/24,negon002l182v,Build Server 66
192.168.2.183/24,negon002l183v,Web Server 80
192.168.2.184/24,negon002l184v,Proxy 64
192.168.2.185/24,negon002l185v,PostgreSQL Database 73
192.168.2.186/24,negon002l186v,Oracle Database 70
192.168.2.187/24,negon002l187v,App Server 65
192.168.2.188/24,negon002l188v,Repository 73
192.168.2.189/24,negon002l189v,Repository 74
192.168.2.190/24,negon002l190v,Proxy 65
192.168.2.191/24,negon002l191v,Proxy 66
192.168.2.192/24,negon002l192v,Tomcat Server 63
192.168.2.193/24,negon002l193v,Tomcat Server 64
192.168.2.194/24,negon002l194v,Repository 75
192.168.2.195/24,negon002l195v,Build Server 67
192.168.2.196/24,negon002l196v,Repository 76
192.168.2.197/24,negon002l197v,Proxy 67
192.168.2.198/24,negon002l198v,Repository 77
192.168.2.199/24,negon002l199v,Oracle Database 71
192.168.2.200/24,negon002l200v,PostgreSQL Database 74
192.168.2.201/24,negon002l201v,Repository 78
192.168.2.202/24,negon002l202v,Elasticsearch 63
192.168.2.203/24,negon002l203v,Oracle Database 72
192.168.2.204/24,negon002l204v,PostgreSQL Database 75
192.168.2.205/24,negon002l205v,Mesos Server 82
192.168.2.206/24,negon002l206v,Build Server 68
192.168.2.207/24,negon002l207v,Proxy 68
192.168.2.208/24,negon002l208v,Mesos Server 83
192.168.2.209/24,negon002l209v,Proxy 69
192.168.2.210/24,negon002l210v,Elasticsearch 64
192.168.2.211/24,negon002l211v,PostgreSQL Database 76
192.168.2.212/24,negon002l212v,Oracle Database 73
192.168.2.213/24,negon002l213v,Repository 79
192.168.2.214/24,negon002l214v,Mesos Server 84
192.168.2.215/24,negon002l215v,Oracle Database 74
192.168.2.216/24,negon002l216v,Mesos Server 85
192.168.2.217/24,negon002l217v,PostgreSQL Database 77
192.168.2.218/24,negon002l218v,App Server 66
192.168.2.219/24,negon002l219v,PostgreSQL Database 78
192.168.2.220/24,negon002l220v,App Server 67
192.168.2.221/24,negon002l221v,Oracle Database 75
192.168.2.222/24,negon002l222v,Oracle Database 76
192.168.2.223/24,negon002l223v,App Server 68
192.168.2.224/24,negon002l224v,Mesos Server 86
192.168.2.225/24,negon002l225v,Mesos Server 87
192.168.2.226/24,negon002l226v,Tomcat Server 65
192.168.2.227/24,negon002l227v,Tomcat Server 66
192.168.2.228/24,negon002l228v,Web Server 81
192.168.2.229/24,negon002l229v,Web Server 82
192.168.2.230/24,negon002l230v,Repository 80
192.168.2.231/24,negon002l231v,Build Server 69
192.168.2.232/24,negon002l232v,PostgreSQL Database 79
192.168.2.233/24,negon002l233v,Tomcat Server 67
192.168.2.234/24,negon002l234v,App Server 69
192.168.2.235/24,negon002l235v,Elasticsearch 65
192.168.2.236/24,negon002l236v,Mesos Server 88
192.168.2.237/24,negon002l237v,App Server 70
192.168.2.238/24,negon002l238v,Web Server 83
192.168.2.239/24,negon002l239v,Tomcat Server 68
192.168.2.240/24,negon002l240v,Elasticsearch 66
192.168.2.241/24,negon002l241v,Repository 81
192.168.2.242/24,negon002l242v,Repository 82
192.168.2.243/24,negon002l243v,Oracle Database 77
192.168.2.244/24,negon002l244v,Proxy 70
192.168.2.245/24,negon002l245v,Mesos Server 89
192.168.2.246/24,negon002l246v,Mesos Server 90
192.168.2.247/24,negon002l247v,Mesos Server 91
192.168.2.248/24,negon002l248v,Tomcat Server 69
192.168.2.249/24,negon002l249v,Proxy 71
192.168.2.250/24,negon002l250v,Elasticsearch 67
192.168.2.251/24,negon002l251v,PostgreSQL Database 80
192.168.2.252/24,negon002l252v,PostgreSQL Database 81
192.168.2.253/24,negon002l253v,Elasticsearch 68
192.168.2.254/24,negon002l254v,App Server 71
192.168.5.1/24,neriv005l001v,Web Server 84
192.168.5.2/24,neriv005l002v,App Server 72
192.168.5.3/24,neriv005l003v,Web Server 85
192.168.5.4/24,neriv005l004v,Mesos Server 92
192.168.5.5/24,neriv005l005v,PostgreSQL Database 82
192.168.5.6/24,neriv005l006v,Elasticsearch 69
192.168.5.7/24,neriv005l007v,Tomcat Server 70
192.168.5.8/24,neriv005l008v,Web Server 86
192.168.5.9/24,neriv005l009v,Elasticsearch 70
192.168.5.10/24,neriv005l010v,Web Server 87
192.168.5.11/24,neriv005l011v,App Server 73
192.168.5.12/24,neriv005l012v,Proxy 72
192.168.5.13/24,neriv005l013v,Mesos Server 93
192.168.5.14/24,neriv005l014v,Elasticsearch 71
192.168.5.15/24,neriv005l015v,Elasticsearch 72
192.168.5.16/24,neriv005l016v,Repository 83
192.168.5.17/24,neriv005l017v,App Server 74
192.168.5.18/24,neriv005l018v,Proxy 73
192.168.5.19/24,neriv005l019v,Web Server 88
192.168.5.20/24,neriv005l020v,Oracle Database 78
192.168.5.21/24,neriv005l021v,App Server 75
192.168.5.22/24,neriv005l022v,Repository 84
192.168.5.23/24,neriv005l023v,PostgreSQL Database 83
192.168.5.24/24,neriv005l024v,Tomcat Server 71
192.168.5.25/24,neriv005l025v,Tomcat Server 72
192.168.5.26/24,neriv005l026v,Oracle Database 79
192.168.5.27/24,neriv005l027v,App Server 76
192.168.5.28/24,neriv005l028v,Mesos Server 94
192.168.5.29/24,neriv005l029v,Web Server 89
192.168.5.30/24,neriv005l030v,App Server 77
192.168.5.31/24,neriv005l031v,Elasticsearch 73
192.168.5.32/24,neriv005l032v,App Server 78
192.168.5.33/24,neriv005l033v,Build Server 70
192.168.5.34/24,neriv005l034v,Repository 85
192.168.5.35/24,neriv005l035v,Build Server 71
192.168.5.36/24,neriv005l036v,Proxy 74
192.168.5.37/24,neriv005l037v,Proxy 75
192.168.5.38/24,neriv005l038v,Proxy 76
192.168.5.39/24,neriv005l039v,Proxy 77
192.168.5.40/24,neriv005l040v,Build Server 72
192.168.5.41/24,neriv005l041v,Tomcat Server 73
192.168.5.42/24,neriv005l042v,Build Server 73
192.168.5.43/24,neriv005l043v,Build Server 74
192.168.5.44/24,neriv005l044v,Repository 86
192.168.5.45/24,neriv005l045v,App Server 79
192.168.5.46/24,neriv005l046v,App Server 80
192.168.5.47/24,neriv005l047v,Tomcat Server 74
192.168.5.48/24,neriv005l048v,Proxy 78
192.168.5.49/24,neriv005l049v,Oracle Database 80
192.168.5.50/24,neriv005l050v,Tomcat Server 75
192.168.5.51/24,neriv005l051v,Tomcat Server 76
192.168.5.52/24,neriv005l052v,Oracle Database 81
192.168.5.53/24,neriv005l053v,Tomcat Server 77
192.168.5.54/24,neriv005l054v,Repository 87
192.168.5.55/24,neriv005l055v,PostgreSQL Database 84
192.168.5.56/24,neriv005l056v,Build Server 75
192.168.5.57/24,neriv005l057v,PostgreSQL Database 85
192.168.5.58/24,neriv005l058v,Tomcat Server 78
192.168.5.59/24,neriv005l059v,Build Server 76
192.168.5.60/24,neriv005l060v,Elasticsearch 74
192.168.5.61/24,neriv005l061v,Oracle Database 82
192.168.5.62/24,neriv005l062v,Tomcat Server 79
192.168.5.63/24,neriv005l063v,Build Server 77
192.168.5.64/24,neriv005l064v,Build Server 78
192.168.5.65/24,neriv005l065v,Web Server 90
192.168.5.66/24,neriv005l066v,App Server 81
192.168.5.67/24,neriv005l067v,Oracle Database 83
192.168.5.68/24,neriv005l068v,Oracle Database 84
192.168.5.69/24,neriv005l069v,PostgreSQL Database 86
192.168.5.70/24,neriv005l070v,Mesos Server 95
192.168.5.71/24,neriv005l071v,PostgreSQL Database 87
192.168.5.72/24,neriv005l072v,Repository 88
192.168.5.73/24,neriv005l073v,PostgreSQL Database 88
192.168.5.74/24,neriv005l074v,Repository 89
192.168.5.75/24,neriv005l075v,Elasticsearch 75
192.168.5.76/24,neriv005l076v,Tomcat Server 80
192.168.5.77/24,neriv005l077v,App Server 82
192.168.5.78/24,neriv005l078v,Oracle Database 85
192.168.5.79/24,neriv005l079v,Oracle Database 86
192.168.5.80/24,neriv005l080v,Proxy 79
192.168.5.81/24,neriv005l081v,Web Server 91
192.168.5.82/24,neriv005l082v,Oracle Database 87
192.168.5.83/24,neriv005l083v,Tomcat Server 81
192.168.5.84/24,neriv005l084v,Web Server 92
192.168.5.85/24,neriv005l085v,Mesos Server 96
192.168.5.86/24,neriv005l086v,Tomcat Server 82
192.168.5.87/24,neriv005l087v,Build Server 79
192.168.5.88/24,neriv005l088v,Oracle Database 88
192.168.5.89/24,neriv005l089v,Oracle Database 89
192.168.5.90/24,neriv005l090v,Proxy 80
192.168.5.91/24,neriv005l091v,Elasticsearch 76
192.168.5.92/24,neriv005l092v,Mesos Server 97
192.168.5.93/24,neriv005l093v,Repository 90
192.168.5.94/24,neriv005l094v,Tomcat Server 83
192.168.5.95/24,neriv005l095v,Tomcat Server 84
192.168.5.96/24,neriv005l096v,Elasticsearch 77
192.168.5.97/24,neriv005l097v,Oracle Database 90
192.168.5.98/24,neriv005l098v,Build Server 80
192.168.5.99/24,neriv005l099v,App Server 83
192.168.5.100/24,neriv005l100v,Mesos Server 98
192.168.5.101/24,neriv005l101v,Mesos Server 99
192.168.5.102/24,neriv005l102v,PostgreSQL Database 89
192.168.5.103/24,neriv005l103v,App Server 84
192.168.5.104/24,neriv005l104v,Oracle Database 91
192.168.5.105/24,neriv005l105v,App Server 85
192.168.5.106/24,neriv005l106v,Tomcat Server 85
192.168.5.107/24,neriv005l107v,Repository 91
192.168.5.108/24,neriv005l108v,Proxy 81
192.168.5.109/24,neriv005l109v,Web Server 93
192.168.5.110/24,neriv005l110v,Oracle Database 92
192.168.5.111/24,neriv005l111v,Mesos Server 100
192.168.5.112/24,neriv005l112v,Mesos Server 101
192.168.5.113/24,neriv005l113v,PostgreSQL Database 90
192.168.5.114/24,neriv005l114v,Web Server 94
192.168.5.115/24,neriv005l115v,Tomcat Server 86
192.168.5.116/24,neriv005l116v,App Server 86
192.168.5.117/24,neriv005l117v,PostgreSQL Database 91
192.168.5.118/24,neriv005l118v,Repository 92
192.168.5.119/24,neriv005l119v,Mesos Server 102
192.168.5.120/24,neriv005l120v,Repository 93
192.168.5.121/24,neriv005l121v,Oracle Database 93
192.168.5.122/24,neriv005l122v,Oracle Database 94
192.168.5.123/24,neriv005l123v,Repository 94
192.168.5.124/24,neriv005l124v,App Server 87
192.168.5.125/24,neriv005l125v,Web Server 95
192.168.5.126/24,neriv005l126v,Elasticsearch 78
192.168.5.127/24,neriv005l127v,Tomcat Server 87
192.168.5.128/24,neriv005l128v,Build Server 81
192.168.5.129/24,neriv005l129v,Web Server 96
192.168.5.130/24,neriv005l130v,PostgreSQL Database 92
192.168.5.131/24,neriv005l131v,Build Server 82
192.168.5.132/24,neriv005l132v,Build Server 83
192.168.5.133/24,neriv005l133v,Web Server 97
192.168.5.134/24,neriv005l134v,Repository 95
192.168.5.135/24,neriv005l135v,Mesos Server 103
192.168.5.136/24,neriv005l136v,Mesos Server 104
192.168.5.137/24,neriv005l137v,PostgreSQL Database 93
192.168.5.138/24,neriv005l138v,Tomcat Server 88
192.168.5.139/24,neriv005l139v,Build Server 84
192.168.5.140/24,neriv005l140v,Oracle Database 95
192.168.5.141/24,neriv005l141v,Elasticsearch 79
192.168.5.142/24,neriv005l142v,PostgreSQL Database 94
192.168.5.143/24,neriv005l143v,Web Server 98
192.168.5.144/24,neriv005l144v,Web Server 99
192.168.5.145/24,neriv005l145v,Tomcat Server 89
192.168.5.146/24,neriv005l146v,Mesos Server 105
192.168.5.147/24,neriv005l147v,Mesos Server 106
192.168.5.148/24,neriv005l148v,Tomcat Server 90
192.168.5.149/24,neriv005l149v,Elasticsearch 80
192.168.5.150/24,neriv005l150v,App Server 88
192.168.5.151/24,neriv005l151v,Elasticsearch 81
192.168.5.152/24,neriv005l152v,Oracle Database 96
192.168.5.153/24,neriv005l153v,Repository 96
192.168.5.154/24,neriv005l154v,Tomcat Server 91
192.168.5.155/24,neriv005l155v,Build Server 85
192.168.5.156/24,neriv005l156v,Elasticsearch 82
192.168.5.157/24,neriv005l157v,Build Server 86
192.168.5.158/24,neriv005l158v,App Server 89
192.168.5.159/24,neriv005l159v,Mesos Server 107
192.168.5.160/24,neriv005l160v,Elasticsearch 83
192.168.5.161/24,neriv005l161v,PostgreSQL Database 95
192.168.5.162/24,neriv005l162v,Oracle Database 97
192.168.5.163/24,neriv005l163v,Mesos Server 108
192.168.5.164/24,neriv005l164v,Elasticsearch 84
192.168.5.165/24,neriv005l165v,Web Server 100
192.168.5.166/24,neriv005l166v,App Server 90
192.168.5.167/24,neriv005l167v,Repository 97
192.168.5.168/24,neriv005l168v,Proxy 82
192.168.5.169/24,neriv005l169v,Oracle Database 98
192.168.5.170/24,neriv005l170v,Repository 98
192.168.5.171/24,neriv005l171v,Elasticsearch 85
192.168.5.172/24,neriv005l172v,Oracle Database 99
192.168.5.173/24,neriv005l173v,App Server 91
192.168.5.174/24,neriv005l174v,Tomcat Server 92
192.168.5.175/24,neriv005l175v,PostgreSQL Database 96
192.168.5.176/24,neriv005l176v,Tomcat Server 93
192.168.5.177/24,neriv005l177v,Elasticsearch 86
192.168.5.178/24,neriv005l178v,Build Server 87
192.168.5.179/24,neriv005l179v,Build Server 88
192.168.5.180/24,neriv005l180v,Tomcat Server 94
192.168.5.181/24,neriv005l181v,Proxy 83
192.168.5.182/24,neriv005l182v,PostgreSQL Database 97
192.168.5.183/24,neriv005l183v,Tomcat Server 95
192.168.5.184/24,neriv005l184v,App Server 92
192.168.5.185/24,neriv005l185v,PostgreSQL Database 98
192.168.5.186/24,neriv005l186v,Oracle Database 100
192.168.5.187/24,neriv005l187v,App Server 93
192.168.5.188/24,neriv005l188v,Build Server 89
192.168.5.189/24,neriv005l189v,Oracle Database 101
192.168.5.190/24,neriv005l190v,Build Server 90
192.168.5.191/24,neriv005l191v,PostgreSQL Database 99
192.168.5.192/24,neriv005l192v,App Server 94
192.168.5.193/24,neriv005l193v,Build Server 91
192.168.5.194/24,neriv005l194v,Mesos Server 109
192.168.5.195/24,neriv005l195v,Mesos Server 110
192.168.5.196/24,neriv005l196v,Tomcat Server 96
192.168.5.197/24,neriv005l197v,Build Server 92
192.168.5.198/24,neriv005l198v,Proxy 84
192.168.5.199/24,neriv005l199v,PostgreSQL Database 100
192.168.5.200/24,neriv005l200v,App Server 95
192.168.5.201/24,neriv005l201v,Tomcat Server 97
192.168.5.202/24,neriv005l202v,Mesos Server 111
192.168.5.203/24,neriv005l203v,Oracle Database 102
192.168.5.204/24,neriv005l204v,Elasticsearch 87
192.168.5.205/24,neriv005l205v,App Server 96
192.168.5.206/24,neriv005l206v,Build Server 93
192.168.5.207/24,neriv005l207v,Build Server 94
192.168.5.208/24,neriv005l208v,Proxy 85
192.168.5.209/24,neriv005l209v,Tomcat Server 98
192.168.5.210/24,neriv005l210v,Proxy 86
192.168.5.211/24,neriv005l211v,App Server 97
192.168.5.212/24,neriv005l212v,App Server 98
192.168.5.213/24,neriv005l213v,Build Server 95
192.168.5.214/24,neriv005l214v,Elasticsearch 88
192.168.5.215/24,neriv005l215v,Tomcat Server 99
192.168.5.216/24,neriv005l216v,Oracle Database 103
192.168.5.217/24,neriv005l217v,App Server 99
192.168.5.218/24,neriv005l218v,Proxy 87
192.168.5.219/24,neriv005l219v,PostgreSQL Database 101
192.168.5.220/24,neriv005l220v,Tomcat Server 100
192.168.5.221/24,neriv005l221v,PostgreSQL Database 102
192.168.5.222/24,neriv005l222v,App Server 100
192.168.5.223/24,neriv005l223v,Elasticsearch 89
192.168.5.224/24,neriv005l224v,Build Server 96
192.168.5.225/24,neriv005l225v,Web Server 101
192.168.5.226/24,neriv005l226v,Tomcat Server 101
192.168.5.227/24,neriv005l227v,Oracle Database 104
192.168.5.228/24,neriv005l228v,Build Server 97
192.168.5.229/24,neriv005l229v,Mesos Server 112
192.168.5.230/24,neriv005l230v,Web Server 102
192.168.5.231/24,neriv005l231v,Build Server 98
192.168.5.232/24,neriv005l232v,Proxy 88
192.168.5.233/24,neriv005l233v,Repository 99
192.168.5.234/24,neriv005l234v,App Server 101
192.168.5.235/24,neriv005l235v,Mesos Server 113
192.168.5.236/24,neriv005l236v,Mesos Server 114
192.168.5.237/24,neriv005l237v,PostgreSQL Database 103
192.168.5.238/24,neriv005l238v,Web Server 103
192.168.5.239/24,neriv005l239v,App Server 102
192.168.5.240/24,neriv005l240v,PostgreSQL Database 104
192.168.5.241/24,neriv005l241v,Build Server 99
192.168.5.242/24,neriv005l242v,App Server 103
192.168.5.243/24,neriv005l243v,Build Server 100
192.168.5.244/24,neriv005l244v,Tomcat Server 102
192.168.5.245/24,neriv005l245v,Mesos Server 115
192.168.5.246/24,neriv005l246v,Elasticsearch 90
192.168.5.247/24,neriv005l247v,App Server 104
192.168.5.248/24,neriv005l248v,Proxy 89
192.168.5.249/24,neriv005l249v,Tomcat Server 103
192.168.5.250/24,neriv005l250v,App Server 105
192.168.5.251/24,neriv005l251v,App Server 106
192.168.5.252/24,neriv005l252v,Elasticsearch 91
192.168.5.253/24,neriv005l253v,Tomcat Server 104
192.168.5.254/24,neriv005l254v,Tomcat Server 105